timestamp,source,query,file,status,notes
2025-11-11T19:56:38.981900+00:00,pubmed,maternal nutrition during pregnancy,C:\Users\chris\Documents\SEMESTER 5\IPPL\training\data\raw\pubmed_maternal_nutrition_during_pregnancy_1762890998.xml,success,5 articles retrieved.
2025-11-11T19:56:43.292026+00:00,crossref,maternal nutrition during pregnancy,C:\Users\chris\Documents\SEMESTER 5\IPPL\training\data\raw\crossref_maternal_nutrition_during_pregnancy_1762891003.json,success,5 articles retrieved.
2025-11-11T19:56:51.281920+00:00,semantic_scholar,maternal nutrition during pregnancy,C:\Users\chris\Documents\SEMESTER 5\IPPL\training\data\raw\semantic_scholar_maternal_nutrition_during_pregnancy_1762891011.json,success,"search_returned:5, details_returned:0"
2025-11-11T19:56:55.240361+00:00,sciencedirect,maternal nutrition during pregnancy,,error,401 Client Error: Unauthorized for url: https://api.elsevier.com/content/search/sciencedirect?query=maternal+nutrition+during+pregnancy&count=5
2025-11-11T19:56:57.420302+00:00,google_books,maternal nutrition during pregnancy,C:\Users\chris\Documents\SEMESTER 5\IPPL\training\data\raw\google_books_maternal_nutrition_during_pregnancy_1762891017.json,success,5 items retrieved.
2025-11-11T19:57:00.313435+00:00,openlibrary,maternal nutrition during pregnancy,C:\Users\chris\Documents\SEMESTER 5\IPPL\training\data\raw\openlibrary_maternal_nutrition_during_pregnancy_1762891020.json,success,5 docs retrieved.
2025-11-11T19:57:13.324045+00:00,pubmed,fertility and menstrual cycle prediction,C:\Users\chris\Documents\SEMESTER 5\IPPL\training\data\raw\pubmed_fertility_and_menstrual_cycle_prediction_1762891033.xml,success,5 articles retrieved.
2025-11-11T19:57:16.084943+00:00,crossref,fertility and menstrual cycle prediction,C:\Users\chris\Documents\SEMESTER 5\IPPL\training\data\raw\crossref_fertility_and_menstrual_cycle_prediction_1762891036.json,success,5 articles retrieved.
2025-11-11T19:57:23.316876+00:00,semantic_scholar,fertility and menstrual cycle prediction,C:\Users\chris\Documents\SEMESTER 5\IPPL\training\data\raw\semantic_scholar_fertility_and_menstrual_cycle_prediction_1762891043.json,success,"search_returned:5, details_returned:0"
2025-11-11T19:57:26.109909+00:00,sciencedirect,fertility and menstrual cycle prediction,,error,401 Client Error: Unauthorized for url: https://api.elsevier.com/content/search/sciencedirect?query=fertility+and+menstrual+cycle+prediction&count=5
2025-11-11T19:57:28.099619+00:00,google_books,fertility and menstrual cycle prediction,C:\Users\chris\Documents\SEMESTER 5\IPPL\training\data\raw\google_books_fertility_and_menstrual_cycle_prediction_1762891048.json,success,5 items retrieved.
2025-11-11T19:57:30.182998+00:00,openlibrary,fertility and menstrual cycle prediction,C:\Users\chris\Documents\SEMESTER 5\IPPL\training\data\raw\openlibrary_fertility_and_menstrual_cycle_prediction_1762891050.json,success,0 docs retrieved.
2025-11-11T19:57:37.020112+00:00,pubmed,gestational diabetes prevention,C:\Users\chris\Documents\SEMESTER 5\IPPL\training\data\raw\pubmed_gestational_diabetes_prevention_1762891057.xml,success,5 articles retrieved.
2025-11-11T19:57:39.623290+00:00,crossref,gestational diabetes prevention,C:\Users\chris\Documents\SEMESTER 5\IPPL\training\data\raw\crossref_gestational_diabetes_prevention_1762891059.json,success,5 articles retrieved.
2025-11-11T19:58:09.294413+00:00,semantic_scholar,gestational diabetes prevention,C:\Users\chris\Documents\SEMESTER 5\IPPL\training\data\raw\semantic_scholar_gestational_diabetes_prevention_1762891089.json,success,"search_returned:5, details_returned:0"
2025-11-11T19:58:11.954100+00:00,sciencedirect,gestational diabetes prevention,,error,401 Client Error: Unauthorized for url: https://api.elsevier.com/content/search/sciencedirect?query=gestational+diabetes+prevention&count=5
2025-11-11T19:58:14.099656+00:00,google_books,gestational diabetes prevention,C:\Users\chris\Documents\SEMESTER 5\IPPL\training\data\raw\google_books_gestational_diabetes_prevention_1762891094.json,success,5 items retrieved.
2025-11-11T19:58:16.246576+00:00,openlibrary,gestational diabetes prevention,C:\Users\chris\Documents\SEMESTER 5\IPPL\training\data\raw\openlibrary_gestational_diabetes_prevention_1762891096.json,success,5 docs retrieved.
2025-11-11T19:58:26.872980+00:00,pubmed,prenatal exercise and fetal health,C:\Users\chris\Documents\SEMESTER 5\IPPL\training\data\raw\pubmed_prenatal_exercise_and_fetal_health_1762891106.xml,success,5 articles retrieved.
2025-11-11T19:58:29.932440+00:00,crossref,prenatal exercise and fetal health,C:\Users\chris\Documents\SEMESTER 5\IPPL\training\data\raw\crossref_prenatal_exercise_and_fetal_health_1762891109.json,success,5 articles retrieved.
2025-11-11T19:58:37.531426+00:00,semantic_scholar,prenatal exercise and fetal health,C:\Users\chris\Documents\SEMESTER 5\IPPL\training\data\raw\semantic_scholar_prenatal_exercise_and_fetal_health_1762891117.json,success,"search_returned:5, details_returned:0"
2025-11-11T19:58:40.497363+00:00,sciencedirect,prenatal exercise and fetal health,,error,401 Client Error: Unauthorized for url: https://api.elsevier.com/content/search/sciencedirect?query=prenatal+exercise+and+fetal+health&count=5
2025-11-11T19:58:43.510919+00:00,google_books,prenatal exercise and fetal health,C:\Users\chris\Documents\SEMESTER 5\IPPL\training\data\raw\google_books_prenatal_exercise_and_fetal_health_1762891123.json,success,5 items retrieved.
2025-11-11T19:58:46.571476+00:00,openlibrary,prenatal exercise and fetal health,C:\Users\chris\Documents\SEMESTER 5\IPPL\training\data\raw\openlibrary_prenatal_exercise_and_fetal_health_1762891126.json,success,0 docs retrieved.
2025-11-11T19:58:52.844478+00:00,pubmed,postpartum depression management,C:\Users\chris\Documents\SEMESTER 5\IPPL\training\data\raw\pubmed_postpartum_depression_management_1762891132.xml,success,5 articles retrieved.
2025-11-11T19:59:24.406232+00:00,crossref,postpartum depression management,,error,"HTTPSConnectionPool(host='api.crossref.org', port=443): Read timed out. (read timeout=30)"
2025-11-11T19:59:25.408999+00:00,semantic_scholar,postpartum depression management,,error,"HTTPSConnectionPool(host='api.semanticscholar.org', port=443): Max retries exceeded with url: /graph/v1/paper/search?query=postpartum+depression+management&limit=5 (Caused by NameResolutionError(""<urllib3.connection.HTTPSConnection object at 0x000001B26C91BC50>: Failed to resolve 'api.semanticscholar.org' ([Errno 11001] getaddrinfo failed)""))"
2025-11-11T19:59:26.411742+00:00,sciencedirect,postpartum depression management,,error,"HTTPSConnectionPool(host='api.elsevier.com', port=443): Max retries exceeded with url: /content/search/sciencedirect?query=postpartum+depression+management&count=5 (Caused by NameResolutionError(""<urllib3.connection.HTTPSConnection object at 0x000001B26C91B250>: Failed to resolve 'api.elsevier.com' ([Errno 11001] getaddrinfo failed)""))"
2025-11-11T19:59:27.414640+00:00,google_books,postpartum depression management,,error,"HTTPSConnectionPool(host='www.googleapis.com', port=443): Max retries exceeded with url: /books/v1/volumes?q=postpartum+depression+management&maxResults=5&key=AIzaSyB57bbMzfP9WezW1UPuaJpVc6Rr66S9cjE (Caused by NameResolutionError(""<urllib3.connection.HTTPSConnection object at 0x000001B26C91B390>: Failed to resolve 'www.googleapis.com' ([Errno 11001] getaddrinfo failed)""))"
2025-11-11T19:59:28.417602+00:00,openlibrary,postpartum depression management,,error,"HTTPSConnectionPool(host='openlibrary.org', port=443): Max retries exceeded with url: /search.json?q=postpartum+depression+management&limit=5 (Caused by NameResolutionError(""<urllib3.connection.HTTPSConnection object at 0x000001B26C9C4410>: Failed to resolve 'openlibrary.org' ([Errno 11001] getaddrinfo failed)""))"
2025-11-11T19:59:30.421859+00:00,pubmed,pregnancy vitamin supplementation,,error,"HTTPSConnectionPool(host='eutils.ncbi.nlm.nih.gov', port=443): Max retries exceeded with url: /entrez/eutils/esearch.fcgi?db=pubmed&retmode=json&retmax=5&term=pregnancy+vitamin+supplementation&api_key=131cffb1ce8f221633ba8a6375d061c5cb09 (Caused by NameResolutionError(""<urllib3.connection.HTTPSConnection object at 0x000001B26C9C47D0>: Failed to resolve 'eutils.ncbi.nlm.nih.gov' ([Errno 11001] getaddrinfo failed)""))"
2025-11-11T19:59:31.425605+00:00,crossref,pregnancy vitamin supplementation,,error,"HTTPSConnectionPool(host='api.crossref.org', port=443): Max retries exceeded with url: /works?query.title=pregnancy+vitamin+supplementation&rows=5 (Caused by NameResolutionError(""<urllib3.connection.HTTPSConnection object at 0x000001B26C9C4B90>: Failed to resolve 'api.crossref.org' ([Errno 11001] getaddrinfo failed)""))"
2025-11-11T19:59:32.428482+00:00,semantic_scholar,pregnancy vitamin supplementation,,error,"HTTPSConnectionPool(host='api.semanticscholar.org', port=443): Max retries exceeded with url: /graph/v1/paper/search?query=pregnancy+vitamin+supplementation&limit=5 (Caused by NameResolutionError(""<urllib3.connection.HTTPSConnection object at 0x000001B26C91B390>: Failed to resolve 'api.semanticscholar.org' ([Errno 11001] getaddrinfo failed)""))"
2025-11-11T19:59:33.430773+00:00,sciencedirect,pregnancy vitamin supplementation,,error,"HTTPSConnectionPool(host='api.elsevier.com', port=443): Max retries exceeded with url: /content/search/sciencedirect?query=pregnancy+vitamin+supplementation&count=5 (Caused by NameResolutionError(""<urllib3.connection.HTTPSConnection object at 0x000001B26C91B750>: Failed to resolve 'api.elsevier.com' ([Errno 11001] getaddrinfo failed)""))"
2025-11-11T19:59:34.434153+00:00,google_books,pregnancy vitamin supplementation,,error,"HTTPSConnectionPool(host='www.googleapis.com', port=443): Max retries exceeded with url: /books/v1/volumes?q=pregnancy+vitamin+supplementation&maxResults=5&key=AIzaSyB57bbMzfP9WezW1UPuaJpVc6Rr66S9cjE (Caused by NameResolutionError(""<urllib3.connection.HTTPSConnection object at 0x000001B26C91BC50>: Failed to resolve 'www.googleapis.com' ([Errno 11001] getaddrinfo failed)""))"
2025-11-11T19:59:35.439142+00:00,openlibrary,pregnancy vitamin supplementation,,error,"HTTPSConnectionPool(host='openlibrary.org', port=443): Max retries exceeded with url: /search.json?q=pregnancy+vitamin+supplementation&limit=5 (Caused by NameResolutionError(""<urllib3.connection.HTTPSConnection object at 0x000001B26C91B610>: Failed to resolve 'openlibrary.org' ([Errno 11001] getaddrinfo failed)""))"
2025-11-11T19:59:37.443242+00:00,pubmed,AI in maternal health monitoring,,error,"HTTPSConnectionPool(host='eutils.ncbi.nlm.nih.gov', port=443): Max retries exceeded with url: /entrez/eutils/esearch.fcgi?db=pubmed&retmode=json&retmax=5&term=AI+in+maternal+health+monitoring&api_key=131cffb1ce8f221633ba8a6375d061c5cb09 (Caused by NameResolutionError(""<urllib3.connection.HTTPSConnection object at 0x000001B26C9C47D0>: Failed to resolve 'eutils.ncbi.nlm.nih.gov' ([Errno 11001] getaddrinfo failed)""))"
2025-11-11T19:59:38.446372+00:00,crossref,AI in maternal health monitoring,,error,"HTTPSConnectionPool(host='api.crossref.org', port=443): Max retries exceeded with url: /works?query.title=AI+in+maternal+health+monitoring&rows=5 (Caused by NameResolutionError(""<urllib3.connection.HTTPSConnection object at 0x000001B26C9C4410>: Failed to resolve 'api.crossref.org' ([Errno 11001] getaddrinfo failed)""))"
2025-11-11T19:59:39.449205+00:00,semantic_scholar,AI in maternal health monitoring,,error,"HTTPSConnectionPool(host='api.semanticscholar.org', port=443): Max retries exceeded with url: /graph/v1/paper/search?query=AI+in+maternal+health+monitoring&limit=5 (Caused by NameResolutionError(""<urllib3.connection.HTTPSConnection object at 0x000001B26C9C5090>: Failed to resolve 'api.semanticscholar.org' ([Errno 11001] getaddrinfo failed)""))"
2025-11-11T19:59:40.451779+00:00,sciencedirect,AI in maternal health monitoring,,error,"HTTPSConnectionPool(host='api.elsevier.com', port=443): Max retries exceeded with url: /content/search/sciencedirect?query=AI+in+maternal+health+monitoring&count=5 (Caused by NameResolutionError(""<urllib3.connection.HTTPSConnection object at 0x000001B26C9C5590>: Failed to resolve 'api.elsevier.com' ([Errno 11001] getaddrinfo failed)""))"
2025-11-11T19:59:41.454587+00:00,google_books,AI in maternal health monitoring,,error,"HTTPSConnectionPool(host='www.googleapis.com', port=443): Max retries exceeded with url: /books/v1/volumes?q=AI+in+maternal+health+monitoring&maxResults=5&key=AIzaSyB57bbMzfP9WezW1UPuaJpVc6Rr66S9cjE (Caused by NameResolutionError(""<urllib3.connection.HTTPSConnection object at 0x000001B26C9C5950>: Failed to resolve 'www.googleapis.com' ([Errno 11001] getaddrinfo failed)""))"
2025-11-11T19:59:44.529975+00:00,openlibrary,AI in maternal health monitoring,C:\Users\chris\Documents\SEMESTER 5\IPPL\training\data\raw\openlibrary_AI_in_maternal_health_monitoring_1762891184.json,success,0 docs retrieved.
2025-11-13T21:18:18.179840+00:00,pubmed,maternal nutrition during pregnancy,C:\Users\chris\Documents\SEMESTER 5\IPPL\training\data\raw\pubmed_maternal_nutrition_during_pregnancy_1763068698.xml,success,5 articles retrieved.
2025-11-13T21:18:20.782048+00:00,crossref,maternal nutrition during pregnancy,C:\Users\chris\Documents\SEMESTER 5\IPPL\training\data\raw\crossref_maternal_nutrition_during_pregnancy_1763068700.json,success,5 articles retrieved.
2025-11-13T21:18:22.805063+00:00,semantic_scholar,maternal nutrition during pregnancy,,error,Search failed with status 429
2025-11-13T21:18:25.200232+00:00,sciencedirect,maternal nutrition during pregnancy,,error,401 Client Error: Unauthorized for url: https://api.elsevier.com/content/search/sciencedirect?query=maternal+nutrition+during+pregnancy&count=5
2025-11-13T21:18:27.912384+00:00,google_books,maternal nutrition during pregnancy,C:\Users\chris\Documents\SEMESTER 5\IPPL\training\data\raw\google_books_maternal_nutrition_during_pregnancy_1763068707.json,success,5 items retrieved.
2025-11-13T21:18:30.518378+00:00,openlibrary,maternal nutrition during pregnancy,C:\Users\chris\Documents\SEMESTER 5\IPPL\training\data\raw\openlibrary_maternal_nutrition_during_pregnancy_1763068710.json,success,5 docs retrieved.
2025-11-13T21:18:35.432368+00:00,pubmed,fertility and menstrual cycle prediction,C:\Users\chris\Documents\SEMESTER 5\IPPL\training\data\raw\pubmed_fertility_and_menstrual_cycle_prediction_1763068715.xml,success,5 articles retrieved.
2025-11-13T21:18:38.015846+00:00,crossref,fertility and menstrual cycle prediction,C:\Users\chris\Documents\SEMESTER 5\IPPL\training\data\raw\crossref_fertility_and_menstrual_cycle_prediction_1763068718.json,success,5 articles retrieved.
2025-11-13T21:18:39.681988+00:00,semantic_scholar,fertility and menstrual cycle prediction,,error,Search failed with status 429
2025-11-13T21:18:41.693729+00:00,sciencedirect,fertility and menstrual cycle prediction,,error,401 Client Error: Unauthorized for url: https://api.elsevier.com/content/search/sciencedirect?query=fertility+and+menstrual+cycle+prediction&count=5
2025-11-13T21:18:44.329143+00:00,google_books,fertility and menstrual cycle prediction,C:\Users\chris\Documents\SEMESTER 5\IPPL\training\data\raw\google_books_fertility_and_menstrual_cycle_prediction_1763068724.json,success,5 items retrieved.
2025-11-13T21:18:46.498403+00:00,openlibrary,fertility and menstrual cycle prediction,C:\Users\chris\Documents\SEMESTER 5\IPPL\training\data\raw\openlibrary_fertility_and_menstrual_cycle_prediction_1763068726.json,success,0 docs retrieved.
2025-11-13T21:18:51.477901+00:00,pubmed,gestational diabetes prevention,C:\Users\chris\Documents\SEMESTER 5\IPPL\training\data\raw\pubmed_gestational_diabetes_prevention_1763068731.xml,success,5 articles retrieved.
2025-11-13T21:18:53.961203+00:00,crossref,gestational diabetes prevention,C:\Users\chris\Documents\SEMESTER 5\IPPL\training\data\raw\crossref_gestational_diabetes_prevention_1763068733.json,success,5 articles retrieved.
2025-11-13T21:19:53.074969+00:00,semantic_scholar,gestational diabetes prevention,C:\Users\chris\Documents\SEMESTER 5\IPPL\training\data\raw\semantic_scholar_gestational_diabetes_prevention_1763068793.json,success,"search_returned:5, details_returned:0"
2025-11-13T21:19:55.048051+00:00,sciencedirect,gestational diabetes prevention,,error,401 Client Error: Unauthorized for url: https://api.elsevier.com/content/search/sciencedirect?query=gestational+diabetes+prevention&count=5
2025-11-13T21:19:57.724443+00:00,google_books,gestational diabetes prevention,C:\Users\chris\Documents\SEMESTER 5\IPPL\training\data\raw\google_books_gestational_diabetes_prevention_1763068797.json,success,5 items retrieved.
2025-11-13T21:19:59.894372+00:00,openlibrary,gestational diabetes prevention,C:\Users\chris\Documents\SEMESTER 5\IPPL\training\data\raw\openlibrary_gestational_diabetes_prevention_1763068799.json,success,5 docs retrieved.
2025-11-13T21:20:04.973612+00:00,pubmed,prenatal exercrise and fetal health,C:\Users\chris\Documents\SEMESTER 5\IPPL\training\data\raw\pubmed_prenatal_exercrise_and_fetal_health_1763068804.xml,success,5 articles retrieved.
2025-11-13T21:20:07.585421+00:00,crossref,prenatal exercrise and fetal health,C:\Users\chris\Documents\SEMESTER 5\IPPL\training\data\raw\crossref_prenatal_exercrise_and_fetal_health_1763068807.json,success,5 articles retrieved.
2025-11-13T21:20:49.841183+00:00,semantic_scholar,prenatal exercrise and fetal health,C:\Users\chris\Documents\SEMESTER 5\IPPL\training\data\raw\semantic_scholar_prenatal_exercrise_and_fetal_health_1763068849.json,success,"search_returned:5, details_returned:0"
2025-11-13T21:20:51.778125+00:00,sciencedirect,prenatal exercrise and fetal health,,error,401 Client Error: Unauthorized for url: https://api.elsevier.com/content/search/sciencedirect?query=prenatal+exercrise+and+fetal+health&count=5
2025-11-13T21:20:53.897300+00:00,google_books,prenatal exercrise and fetal health,C:\Users\chris\Documents\SEMESTER 5\IPPL\training\data\raw\google_books_prenatal_exercrise_and_fetal_health_1763068853.json,success,5 items retrieved.
2025-11-13T21:20:55.963252+00:00,openlibrary,prenatal exercrise and fetal health,C:\Users\chris\Documents\SEMESTER 5\IPPL\training\data\raw\openlibrary_prenatal_exercrise_and_fetal_health_1763068855.json,success,0 docs retrieved.
2025-11-13T21:21:01.179843+00:00,pubmed,postpartum depression management,C:\Users\chris\Documents\SEMESTER 5\IPPL\training\data\raw\pubmed_postpartum_depression_management_1763068861.xml,success,5 articles retrieved.
2025-11-13T21:21:03.773298+00:00,crossref,postpartum depression management,C:\Users\chris\Documents\SEMESTER 5\IPPL\training\data\raw\crossref_postpartum_depression_management_1763068863.json,success,5 articles retrieved.
2025-11-13T21:21:05.474797+00:00,semantic_scholar,postpartum depression management,,error,Search failed with status 429
2025-11-13T21:21:07.319400+00:00,sciencedirect,postpartum depression management,,error,401 Client Error: Unauthorized for url: https://api.elsevier.com/content/search/sciencedirect?query=postpartum+depression+management&count=5
2025-11-13T21:21:10.288984+00:00,google_books,postpartum depression management,C:\Users\chris\Documents\SEMESTER 5\IPPL\training\data\raw\google_books_postpartum_depression_management_1763068870.json,success,5 items retrieved.
2025-11-13T21:21:12.445665+00:00,openlibrary,postpartum depression management,C:\Users\chris\Documents\SEMESTER 5\IPPL\training\data\raw\openlibrary_postpartum_depression_management_1763068872.json,success,5 docs retrieved.
2025-11-13T21:21:15.779626+00:00,pubmed,pregnancy vtamin supplementation,,no results,No articles found for the given query.
2025-11-13T21:21:18.733221+00:00,crossref,pregnancy vtamin supplementation,C:\Users\chris\Documents\SEMESTER 5\IPPL\training\data\raw\crossref_pregnancy_vtamin_supplementation_1763068878.json,success,5 articles retrieved.
2025-11-13T21:22:14.546776+00:00,semantic_scholar,pregnancy vtamin supplementation,C:\Users\chris\Documents\SEMESTER 5\IPPL\training\data\raw\semantic_scholar_pregnancy_vtamin_supplementation_1763068934.json,success,"search_returned:5, details_returned:0"
2025-11-13T21:22:16.463898+00:00,sciencedirect,pregnancy vtamin supplementation,,error,401 Client Error: Unauthorized for url: https://api.elsevier.com/content/search/sciencedirect?query=pregnancy+vtamin+supplementation&count=5
2025-11-13T21:22:18.666665+00:00,google_books,pregnancy vtamin supplementation,C:\Users\chris\Documents\SEMESTER 5\IPPL\training\data\raw\google_books_pregnancy_vtamin_supplementation_1763068938.json,success,5 items retrieved.
2025-11-13T21:22:20.735370+00:00,openlibrary,pregnancy vtamin supplementation,C:\Users\chris\Documents\SEMESTER 5\IPPL\training\data\raw\openlibrary_pregnancy_vtamin_supplementation_1763068940.json,success,0 docs retrieved.
2025-11-13T21:22:25.937083+00:00,pubmed,AI in maternal health monitoring,C:\Users\chris\Documents\SEMESTER 5\IPPL\training\data\raw\pubmed_AI_in_maternal_health_monitoring_1763068945.xml,success,5 articles retrieved.
2025-11-13T21:22:28.499991+00:00,crossref,AI in maternal health monitoring,C:\Users\chris\Documents\SEMESTER 5\IPPL\training\data\raw\crossref_AI_in_maternal_health_monitoring_1763068948.json,success,5 articles retrieved.
2025-11-13T21:23:15.200059+00:00,semantic_scholar,AI in maternal health monitoring,C:\Users\chris\Documents\SEMESTER 5\IPPL\training\data\raw\semantic_scholar_AI_in_maternal_health_monitoring_1763068995.json,success,"search_returned:5, details_returned:0"
2025-11-13T21:23:17.822722+00:00,sciencedirect,AI in maternal health monitoring,,error,401 Client Error: Unauthorized for url: https://api.elsevier.com/content/search/sciencedirect?query=AI+in+maternal+health+monitoring&count=5
2025-11-13T21:23:20.040695+00:00,google_books,AI in maternal health monitoring,C:\Users\chris\Documents\SEMESTER 5\IPPL\training\data\raw\google_books_AI_in_maternal_health_monitoring_1763069000.json,success,5 items retrieved.
2025-11-13T21:23:22.146573+00:00,openlibrary,AI in maternal health monitoring,C:\Users\chris\Documents\SEMESTER 5\IPPL\training\data\raw\openlibrary_AI_in_maternal_health_monitoring_1763069002.json,success,0 docs retrieved.
2025-11-13T21:41:01.810831+00:00,pubmed,maternal nutrition during pregnancy,C:\Users\chris\Documents\SEMESTER 5\IPPL\training\data\raw\pubmed_maternal_nutrition_during_pregnancy_1763070061.xml,success,5 articles retrieved.
2025-11-13T21:41:06.159643+00:00,crossref,maternal nutrition during pregnancy,C:\Users\chris\Documents\SEMESTER 5\IPPL\training\data\raw\crossref_maternal_nutrition_during_pregnancy_1763070066.json,success,5 articles retrieved.
2025-11-13T21:41:07.997551+00:00,semantic_scholar,maternal nutrition during pregnancy,,error,Search failed with status 429
2025-11-13T21:41:10.853147+00:00,sciencedirect,maternal nutrition during pregnancy,,error,401 Client Error: Unauthorized for url: https://api.elsevier.com/content/search/sciencedirect?query=maternal+nutrition+during+pregnancy&count=5
2025-11-13T21:41:13.819193+00:00,google_books,maternal nutrition during pregnancy,C:\Users\chris\Documents\SEMESTER 5\IPPL\training\data\raw\google_books_maternal_nutrition_during_pregnancy_1763070073.json,success,5 items retrieved.
2025-11-13T21:41:16.243451+00:00,openlibrary,maternal nutrition during pregnancy,C:\Users\chris\Documents\SEMESTER 5\IPPL\training\data\raw\openlibrary_maternal_nutrition_during_pregnancy_1763070076.json,success,5 docs retrieved.
2025-11-13T21:41:21.428597+00:00,pubmed,fertility and menstrual cycle prediction,C:\Users\chris\Documents\SEMESTER 5\IPPL\training\data\raw\pubmed_fertility_and_menstrual_cycle_prediction_1763070081.xml,success,5 articles retrieved.
2025-11-13T21:41:24.046769+00:00,crossref,fertility and menstrual cycle prediction,C:\Users\chris\Documents\SEMESTER 5\IPPL\training\data\raw\crossref_fertility_and_menstrual_cycle_prediction_1763070084.json,success,5 articles retrieved.
2025-11-13T21:41:26.066002+00:00,semantic_scholar,fertility and menstrual cycle prediction,,error,Search failed with status 429
2025-11-13T21:41:28.241770+00:00,sciencedirect,fertility and menstrual cycle prediction,,error,401 Client Error: Unauthorized for url: https://api.elsevier.com/content/search/sciencedirect?query=fertility+and+menstrual+cycle+prediction&count=5
2025-11-13T21:41:30.933287+00:00,google_books,fertility and menstrual cycle prediction,C:\Users\chris\Documents\SEMESTER 5\IPPL\training\data\raw\google_books_fertility_and_menstrual_cycle_prediction_1763070090.json,success,5 items retrieved.
2025-11-13T21:41:32.984608+00:00,openlibrary,fertility and menstrual cycle prediction,C:\Users\chris\Documents\SEMESTER 5\IPPL\training\data\raw\openlibrary_fertility_and_menstrual_cycle_prediction_1763070092.json,success,0 docs retrieved.
2025-11-13T21:41:37.810365+00:00,pubmed,gestational diabetes prevention,C:\Users\chris\Documents\SEMESTER 5\IPPL\training\data\raw\pubmed_gestational_diabetes_prevention_1763070097.xml,success,5 articles retrieved.
2025-11-13T21:41:40.303945+00:00,crossref,gestational diabetes prevention,C:\Users\chris\Documents\SEMESTER 5\IPPL\training\data\raw\crossref_gestational_diabetes_prevention_1763070100.json,success,5 articles retrieved.
2025-11-13T21:41:41.937477+00:00,semantic_scholar,gestational diabetes prevention,,error,Search failed with status 429
2025-11-13T21:41:43.778879+00:00,sciencedirect,gestational diabetes prevention,,error,401 Client Error: Unauthorized for url: https://api.elsevier.com/content/search/sciencedirect?query=gestational+diabetes+prevention&count=5
2025-11-13T21:41:46.522227+00:00,google_books,gestational diabetes prevention,C:\Users\chris\Documents\SEMESTER 5\IPPL\training\data\raw\google_books_gestational_diabetes_prevention_1763070106.json,success,5 items retrieved.
2025-11-13T21:41:48.651006+00:00,openlibrary,gestational diabetes prevention,C:\Users\chris\Documents\SEMESTER 5\IPPL\training\data\raw\openlibrary_gestational_diabetes_prevention_1763070108.json,success,5 docs retrieved.
2025-11-13T21:41:55.992899+00:00,pubmed,prenatal exercrise and fetal health,C:\Users\chris\Documents\SEMESTER 5\IPPL\training\data\raw\pubmed_prenatal_exercrise_and_fetal_health_1763070115.xml,success,5 articles retrieved.
2025-11-13T21:41:58.510939+00:00,crossref,prenatal exercrise and fetal health,C:\Users\chris\Documents\SEMESTER 5\IPPL\training\data\raw\crossref_prenatal_exercrise_and_fetal_health_1763070118.json,success,5 articles retrieved.
2025-11-13T21:42:36.266834+00:00,semantic_scholar,prenatal exercrise and fetal health,C:\Users\chris\Documents\SEMESTER 5\IPPL\training\data\raw\semantic_scholar_prenatal_exercrise_and_fetal_health_1763070156.json,success,"search_returned:5, details_returned:0"
2025-11-13T21:42:38.119116+00:00,sciencedirect,prenatal exercrise and fetal health,,error,401 Client Error: Unauthorized for url: https://api.elsevier.com/content/search/sciencedirect?query=prenatal+exercrise+and+fetal+health&count=5
2025-11-13T21:42:40.613430+00:00,google_books,prenatal exercrise and fetal health,C:\Users\chris\Documents\SEMESTER 5\IPPL\training\data\raw\google_books_prenatal_exercrise_and_fetal_health_1763070160.json,success,5 items retrieved.
2025-11-13T21:42:42.703243+00:00,openlibrary,prenatal exercrise and fetal health,C:\Users\chris\Documents\SEMESTER 5\IPPL\training\data\raw\openlibrary_prenatal_exercrise_and_fetal_health_1763070162.json,success,0 docs retrieved.
2025-11-13T21:42:47.940678+00:00,pubmed,postpartum depression management,C:\Users\chris\Documents\SEMESTER 5\IPPL\training\data\raw\pubmed_postpartum_depression_management_1763070167.xml,success,5 articles retrieved.
2025-11-13T21:42:50.549358+00:00,crossref,postpartum depression management,C:\Users\chris\Documents\SEMESTER 5\IPPL\training\data\raw\crossref_postpartum_depression_management_1763070170.json,success,5 articles retrieved.
2025-11-13T21:42:52.559503+00:00,semantic_scholar,postpartum depression management,,error,Search failed with status 429
2025-11-13T21:42:54.422600+00:00,sciencedirect,postpartum depression management,,error,401 Client Error: Unauthorized for url: https://api.elsevier.com/content/search/sciencedirect?query=postpartum+depression+management&count=5
2025-11-13T21:42:57.759119+00:00,google_books,postpartum depression management,C:\Users\chris\Documents\SEMESTER 5\IPPL\training\data\raw\google_books_postpartum_depression_management_1763070177.json,success,5 items retrieved.
2025-11-13T21:42:59.858333+00:00,openlibrary,postpartum depression management,C:\Users\chris\Documents\SEMESTER 5\IPPL\training\data\raw\openlibrary_postpartum_depression_management_1763070179.json,success,5 docs retrieved.
2025-11-13T21:43:03.156166+00:00,pubmed,pregnancy vtamin supplementation,,no results,No articles found for the given query.
2025-11-13T21:43:05.727609+00:00,crossref,pregnancy vtamin supplementation,C:\Users\chris\Documents\SEMESTER 5\IPPL\training\data\raw\crossref_pregnancy_vtamin_supplementation_1763070185.json,success,5 articles retrieved.
2025-11-13T21:44:12.205332+00:00,semantic_scholar,pregnancy vtamin supplementation,C:\Users\chris\Documents\SEMESTER 5\IPPL\training\data\raw\semantic_scholar_pregnancy_vtamin_supplementation_1763070252.json,success,"search_returned:5, details_returned:0"
2025-11-13T21:44:14.098462+00:00,sciencedirect,pregnancy vtamin supplementation,,error,401 Client Error: Unauthorized for url: https://api.elsevier.com/content/search/sciencedirect?query=pregnancy+vtamin+supplementation&count=5
2025-11-13T21:44:16.840513+00:00,google_books,pregnancy vtamin supplementation,C:\Users\chris\Documents\SEMESTER 5\IPPL\training\data\raw\google_books_pregnancy_vtamin_supplementation_1763070256.json,success,5 items retrieved.
2025-11-13T21:44:25.766146+00:00,openlibrary,pregnancy vtamin supplementation,C:\Users\chris\Documents\SEMESTER 5\IPPL\training\data\raw\openlibrary_pregnancy_vtamin_supplementation_1763070265.json,success,0 docs retrieved.
2025-11-13T21:44:31.132779+00:00,pubmed,AI in maternal health monitoring,C:\Users\chris\Documents\SEMESTER 5\IPPL\training\data\raw\pubmed_AI_in_maternal_health_monitoring_1763070271.xml,success,5 articles retrieved.
2025-11-13T21:44:34.421352+00:00,crossref,AI in maternal health monitoring,C:\Users\chris\Documents\SEMESTER 5\IPPL\training\data\raw\crossref_AI_in_maternal_health_monitoring_1763070274.json,success,5 articles retrieved.
2025-11-13T21:45:01.731895+00:00,semantic_scholar,AI in maternal health monitoring,C:\Users\chris\Documents\SEMESTER 5\IPPL\training\data\raw\semantic_scholar_AI_in_maternal_health_monitoring_1763070301.json,success,"search_returned:5, details_returned:0"
2025-11-13T21:45:03.856459+00:00,sciencedirect,AI in maternal health monitoring,,error,401 Client Error: Unauthorized for url: https://api.elsevier.com/content/search/sciencedirect?query=AI+in+maternal+health+monitoring&count=5
2025-11-13T21:45:05.865690+00:00,google_books,AI in maternal health monitoring,C:\Users\chris\Documents\SEMESTER 5\IPPL\training\data\raw\google_books_AI_in_maternal_health_monitoring_1763070305.json,success,5 items retrieved.
2025-11-13T21:45:08.009365+00:00,openlibrary,AI in maternal health monitoring,C:\Users\chris\Documents\SEMESTER 5\IPPL\training\data\raw\openlibrary_AI_in_maternal_health_monitoring_1763070308.json,success,0 docs retrieved.
2025-11-13T21:57:35.279364+00:00,pubmed,maternal nutrition during pregnancy,C:\Users\chris\Documents\SEMESTER 5\IPPL\training\data\raw\pubmed_maternal_nutrition_during_pregnancy_1763071055.xml,success,5 articles retrieved.
2025-11-13T21:57:37.940225+00:00,crossref,maternal nutrition during pregnancy,C:\Users\chris\Documents\SEMESTER 5\IPPL\training\data\raw\crossref_maternal_nutrition_during_pregnancy_1763071057.json,success,5 articles retrieved.
2025-11-13T21:58:31.692431+00:00,semantic_scholar,maternal nutrition during pregnancy,C:\Users\chris\Documents\SEMESTER 5\IPPL\training\data\raw\semantic_scholar_maternal_nutrition_during_pregnancy_1763071111.json,success,"search_returned:5, details_returned:0"
2025-11-13T21:58:33.720380+00:00,sciencedirect,maternal nutrition during pregnancy,,error,401 Client Error: Unauthorized for url: https://api.elsevier.com/content/search/sciencedirect?query=maternal+nutrition+during+pregnancy&count=5
2025-11-13T21:58:36.733305+00:00,google_books,maternal nutrition during pregnancy,C:\Users\chris\Documents\SEMESTER 5\IPPL\training\data\raw\google_books_maternal_nutrition_during_pregnancy_1763071116.json,success,5 items retrieved.
2025-11-13T21:58:39.027488+00:00,openlibrary,maternal nutrition during pregnancy,C:\Users\chris\Documents\SEMESTER 5\IPPL\training\data\raw\openlibrary_maternal_nutrition_during_pregnancy_1763071119.json,success,5 docs retrieved.
2025-11-13T21:58:44.047307+00:00,pubmed,fertility and menstrual cycle prediction,C:\Users\chris\Documents\SEMESTER 5\IPPL\training\data\raw\pubmed_fertility_and_menstrual_cycle_prediction_1763071124.xml,success,5 articles retrieved.
2025-11-13T21:58:46.558283+00:00,crossref,fertility and menstrual cycle prediction,C:\Users\chris\Documents\SEMESTER 5\IPPL\training\data\raw\crossref_fertility_and_menstrual_cycle_prediction_1763071126.json,success,5 articles retrieved.
2025-11-13T21:59:12.888412+00:00,semantic_scholar,fertility and menstrual cycle prediction,C:\Users\chris\Documents\SEMESTER 5\IPPL\training\data\raw\semantic_scholar_fertility_and_menstrual_cycle_prediction_1763071152.json,success,"search_returned:5, details_returned:0"
2025-11-13T21:59:14.682115+00:00,sciencedirect,fertility and menstrual cycle prediction,,error,401 Client Error: Unauthorized for url: https://api.elsevier.com/content/search/sciencedirect?query=fertility+and+menstrual+cycle+prediction&count=5
2025-11-13T21:59:17.545365+00:00,google_books,fertility and menstrual cycle prediction,C:\Users\chris\Documents\SEMESTER 5\IPPL\training\data\raw\google_books_fertility_and_menstrual_cycle_prediction_1763071157.json,success,5 items retrieved.
2025-11-13T21:59:19.687336+00:00,openlibrary,fertility and menstrual cycle prediction,C:\Users\chris\Documents\SEMESTER 5\IPPL\training\data\raw\openlibrary_fertility_and_menstrual_cycle_prediction_1763071159.json,success,0 docs retrieved.
2025-11-13T21:59:24.573456+00:00,pubmed,gestational diabetes prevention,C:\Users\chris\Documents\SEMESTER 5\IPPL\training\data\raw\pubmed_gestational_diabetes_prevention_1763071164.xml,success,5 articles retrieved.
2025-11-13T21:59:27.052593+00:00,crossref,gestational diabetes prevention,C:\Users\chris\Documents\SEMESTER 5\IPPL\training\data\raw\crossref_gestational_diabetes_prevention_1763071167.json,success,5 articles retrieved.
2025-11-13T21:59:58.235784+00:00,semantic_scholar,gestational diabetes prevention,C:\Users\chris\Documents\SEMESTER 5\IPPL\training\data\raw\semantic_scholar_gestational_diabetes_prevention_1763071198.json,success,"search_returned:5, details_returned:0"
2025-11-13T22:00:00.074675+00:00,sciencedirect,gestational diabetes prevention,,error,401 Client Error: Unauthorized for url: https://api.elsevier.com/content/search/sciencedirect?query=gestational+diabetes+prevention&count=5
2025-11-13T22:00:02.032796+00:00,google_books,gestational diabetes prevention,C:\Users\chris\Documents\SEMESTER 5\IPPL\training\data\raw\google_books_gestational_diabetes_prevention_1763071202.json,success,5 items retrieved.
2025-11-13T22:00:04.188099+00:00,openlibrary,gestational diabetes prevention,C:\Users\chris\Documents\SEMESTER 5\IPPL\training\data\raw\openlibrary_gestational_diabetes_prevention_1763071204.json,success,5 docs retrieved.
2025-11-13T22:00:09.327408+00:00,pubmed,prenatal exercise and fetal health,C:\Users\chris\Documents\SEMESTER 5\IPPL\training\data\raw\pubmed_prenatal_exercise_and_fetal_health_1763071209.xml,success,5 articles retrieved.
2025-11-13T22:00:11.906564+00:00,crossref,prenatal exercise and fetal health,C:\Users\chris\Documents\SEMESTER 5\IPPL\training\data\raw\crossref_prenatal_exercise_and_fetal_health_1763071211.json,success,5 articles retrieved.
2025-11-13T22:00:13.888698+00:00,semantic_scholar,prenatal exercise and fetal health,,error,Search failed with status 429
2025-11-13T22:00:39.702708+00:00,sciencedirect,prenatal exercise and fetal health,,error,401 Client Error: Unauthorized for url: https://api.elsevier.com/content/search/sciencedirect?query=prenatal+exercise+and+fetal+health&count=5
2025-11-13T22:00:41.821948+00:00,google_books,prenatal exercise and fetal health,C:\Users\chris\Documents\SEMESTER 5\IPPL\training\data\raw\google_books_prenatal_exercise_and_fetal_health_1763071241.json,success,5 items retrieved.
2025-11-13T22:00:43.988399+00:00,openlibrary,prenatal exercise and fetal health,C:\Users\chris\Documents\SEMESTER 5\IPPL\training\data\raw\openlibrary_prenatal_exercise_and_fetal_health_1763071243.json,success,0 docs retrieved.
2025-11-13T22:00:49.246628+00:00,pubmed,postpartum depression management,C:\Users\chris\Documents\SEMESTER 5\IPPL\training\data\raw\pubmed_postpartum_depression_management_1763071249.xml,success,5 articles retrieved.
2025-11-13T22:00:51.952335+00:00,crossref,postpartum depression management,C:\Users\chris\Documents\SEMESTER 5\IPPL\training\data\raw\crossref_postpartum_depression_management_1763071251.json,success,5 articles retrieved.
2025-11-13T22:02:07.916604+00:00,semantic_scholar,postpartum depression management,C:\Users\chris\Documents\SEMESTER 5\IPPL\training\data\raw\semantic_scholar_postpartum_depression_management_1763071327.json,success,"search_returned:5, details_returned:0"
2025-11-13T22:02:09.644100+00:00,sciencedirect,postpartum depression management,,error,401 Client Error: Unauthorized for url: https://api.elsevier.com/content/search/sciencedirect?query=postpartum+depression+management&count=5
2025-11-13T22:02:12.061802+00:00,google_books,postpartum depression management,C:\Users\chris\Documents\SEMESTER 5\IPPL\training\data\raw\google_books_postpartum_depression_management_1763071332.json,success,5 items retrieved.
2025-11-13T22:02:14.101219+00:00,openlibrary,postpartum depression management,C:\Users\chris\Documents\SEMESTER 5\IPPL\training\data\raw\openlibrary_postpartum_depression_management_1763071334.json,success,5 docs retrieved.
2025-11-13T22:02:18.981329+00:00,pubmed,pregnancy vitamin supplementation,C:\Users\chris\Documents\SEMESTER 5\IPPL\training\data\raw\pubmed_pregnancy_vitamin_supplementation_1763071338.xml,success,5 articles retrieved.
2025-11-13T22:02:21.894754+00:00,crossref,pregnancy vitamin supplementation,C:\Users\chris\Documents\SEMESTER 5\IPPL\training\data\raw\crossref_pregnancy_vitamin_supplementation_1763071341.json,success,5 articles retrieved.
2025-11-13T22:02:23.895231+00:00,semantic_scholar,pregnancy vitamin supplementation,,error,Search failed with status 429
2025-11-13T22:02:25.717782+00:00,sciencedirect,pregnancy vitamin supplementation,,error,401 Client Error: Unauthorized for url: https://api.elsevier.com/content/search/sciencedirect?query=pregnancy+vitamin+supplementation&count=5
2025-11-13T22:02:28.625051+00:00,google_books,pregnancy vitamin supplementation,C:\Users\chris\Documents\SEMESTER 5\IPPL\training\data\raw\google_books_pregnancy_vitamin_supplementation_1763071348.json,success,5 items retrieved.
2025-11-13T22:02:30.733235+00:00,openlibrary,pregnancy vitamin supplementation,C:\Users\chris\Documents\SEMESTER 5\IPPL\training\data\raw\openlibrary_pregnancy_vitamin_supplementation_1763071350.json,success,5 docs retrieved.
2025-11-13T22:02:36.012923+00:00,pubmed,AI in maternal health monitoring,C:\Users\chris\Documents\SEMESTER 5\IPPL\training\data\raw\pubmed_AI_in_maternal_health_monitoring_1763071356.xml,success,5 articles retrieved.
2025-11-13T22:02:38.490356+00:00,crossref,AI in maternal health monitoring,C:\Users\chris\Documents\SEMESTER 5\IPPL\training\data\raw\crossref_AI_in_maternal_health_monitoring_1763071358.json,success,5 articles retrieved.
2025-11-13T22:03:10.332432+00:00,semantic_scholar,AI in maternal health monitoring,C:\Users\chris\Documents\SEMESTER 5\IPPL\training\data\raw\semantic_scholar_AI_in_maternal_health_monitoring_1763071390.json,success,"search_returned:5, details_returned:0"
2025-11-13T22:03:12.287300+00:00,sciencedirect,AI in maternal health monitoring,,error,401 Client Error: Unauthorized for url: https://api.elsevier.com/content/search/sciencedirect?query=AI+in+maternal+health+monitoring&count=5
2025-11-13T22:03:14.327323+00:00,google_books,AI in maternal health monitoring,C:\Users\chris\Documents\SEMESTER 5\IPPL\training\data\raw\google_books_AI_in_maternal_health_monitoring_1763071394.json,success,5 items retrieved.
2025-11-13T22:03:16.602436+00:00,openlibrary,AI in maternal health monitoring,C:\Users\chris\Documents\SEMESTER 5\IPPL\training\data\raw\openlibrary_AI_in_maternal_health_monitoring_1763071396.json,success,0 docs retrieved.
2025-11-13T22:20:00.562175+00:00,pubmed,maternal nutrition during pregnancy,C:\Users\chris\Documents\SEMESTER 5\IPPL\training\data\raw\pubmed_maternal_nutrition_during_pregnancy_1763072400.xml,success,5 articles retrieved.
2025-11-13T22:20:03.597238+00:00,crossref,maternal nutrition during pregnancy,C:\Users\chris\Documents\SEMESTER 5\IPPL\training\data\raw\crossref_maternal_nutrition_during_pregnancy_1763072403.json,success,5 articles retrieved.
2025-11-13T22:20:40.398058+00:00,semantic_scholar,maternal nutrition during pregnancy,C:\Users\chris\Documents\SEMESTER 5\IPPL\training\data\raw\semantic_scholar_maternal_nutrition_during_pregnancy_1763072440.json,success,"search_returned:5, details_returned:0"
2025-11-13T22:20:42.629658+00:00,sciencedirect,maternal nutrition during pregnancy,,error,401 Client Error: Unauthorized for url: https://api.elsevier.com/content/search/sciencedirect?query=maternal+nutrition+during+pregnancy&count=5
2025-11-13T22:20:45.432628+00:00,google_books,maternal nutrition during pregnancy,C:\Users\chris\Documents\SEMESTER 5\IPPL\training\data\raw\google_books_maternal_nutrition_during_pregnancy_1763072445.json,success,5 items retrieved.
2025-11-13T22:20:47.807534+00:00,openlibrary,maternal nutrition during pregnancy,C:\Users\chris\Documents\SEMESTER 5\IPPL\training\data\raw\openlibrary_maternal_nutrition_during_pregnancy_1763072447.json,success,5 docs retrieved.
2025-11-13T22:20:52.751126+00:00,pubmed,fertility and menstrual cycle prediction,C:\Users\chris\Documents\SEMESTER 5\IPPL\training\data\raw\pubmed_fertility_and_menstrual_cycle_prediction_1763072452.xml,success,5 articles retrieved.
2025-11-13T22:20:55.453677+00:00,crossref,fertility and menstrual cycle prediction,C:\Users\chris\Documents\SEMESTER 5\IPPL\training\data\raw\crossref_fertility_and_menstrual_cycle_prediction_1763072455.json,success,5 articles retrieved.
2025-11-13T22:21:04.117059+00:00,semantic_scholar,fertility and menstrual cycle prediction,C:\Users\chris\Documents\SEMESTER 5\IPPL\training\data\raw\semantic_scholar_fertility_and_menstrual_cycle_prediction_1763072464.json,success,"search_returned:5, details_returned:0"
2025-11-13T22:21:05.985141+00:00,sciencedirect,fertility and menstrual cycle prediction,,error,401 Client Error: Unauthorized for url: https://api.elsevier.com/content/search/sciencedirect?query=fertility+and+menstrual+cycle+prediction&count=5
2025-11-13T22:21:08.736085+00:00,google_books,fertility and menstrual cycle prediction,C:\Users\chris\Documents\SEMESTER 5\IPPL\training\data\raw\google_books_fertility_and_menstrual_cycle_prediction_1763072468.json,success,5 items retrieved.
2025-11-13T22:21:10.848350+00:00,openlibrary,fertility and menstrual cycle prediction,C:\Users\chris\Documents\SEMESTER 5\IPPL\training\data\raw\openlibrary_fertility_and_menstrual_cycle_prediction_1763072470.json,success,0 docs retrieved.
2025-11-13T22:21:15.742886+00:00,pubmed,gestational diabetes prevention,C:\Users\chris\Documents\SEMESTER 5\IPPL\training\data\raw\pubmed_gestational_diabetes_prevention_1763072475.xml,success,5 articles retrieved.
2025-11-13T22:21:18.315006+00:00,crossref,gestational diabetes prevention,C:\Users\chris\Documents\SEMESTER 5\IPPL\training\data\raw\crossref_gestational_diabetes_prevention_1763072478.json,success,5 articles retrieved.
2025-11-13T22:21:41.958535+00:00,semantic_scholar,gestational diabetes prevention,C:\Users\chris\Documents\SEMESTER 5\IPPL\training\data\raw\semantic_scholar_gestational_diabetes_prevention_1763072501.json,success,"search_returned:5, details_returned:0"
2025-11-13T22:21:43.782865+00:00,sciencedirect,gestational diabetes prevention,,error,401 Client Error: Unauthorized for url: https://api.elsevier.com/content/search/sciencedirect?query=gestational+diabetes+prevention&count=5
2025-11-13T22:21:46.406842+00:00,google_books,gestational diabetes prevention,C:\Users\chris\Documents\SEMESTER 5\IPPL\training\data\raw\google_books_gestational_diabetes_prevention_1763072506.json,success,5 items retrieved.
2025-11-13T22:21:48.450330+00:00,openlibrary,gestational diabetes prevention,C:\Users\chris\Documents\SEMESTER 5\IPPL\training\data\raw\openlibrary_gestational_diabetes_prevention_1763072508.json,success,5 docs retrieved.
2025-11-13T22:21:53.551277+00:00,pubmed,prenatal exercise and fetal health,C:\Users\chris\Documents\SEMESTER 5\IPPL\training\data\raw\pubmed_prenatal_exercise_and_fetal_health_1763072513.xml,success,5 articles retrieved.
2025-11-13T22:21:56.108551+00:00,crossref,prenatal exercise and fetal health,C:\Users\chris\Documents\SEMESTER 5\IPPL\training\data\raw\crossref_prenatal_exercise_and_fetal_health_1763072516.json,success,5 articles retrieved.
2025-11-13T22:23:06.465565+00:00,semantic_scholar,prenatal exercise and fetal health,C:\Users\chris\Documents\SEMESTER 5\IPPL\training\data\raw\semantic_scholar_prenatal_exercise_and_fetal_health_1763072586.json,success,"search_returned:5, details_returned:0"
2025-11-13T22:23:08.463032+00:00,sciencedirect,prenatal exercise and fetal health,,error,401 Client Error: Unauthorized for url: https://api.elsevier.com/content/search/sciencedirect?query=prenatal+exercise+and+fetal+health&count=5
2025-11-13T22:23:11.311948+00:00,google_books,prenatal exercise and fetal health,C:\Users\chris\Documents\SEMESTER 5\IPPL\training\data\raw\google_books_prenatal_exercise_and_fetal_health_1763072591.json,success,5 items retrieved.
2025-11-13T22:23:13.716095+00:00,openlibrary,prenatal exercise and fetal health,C:\Users\chris\Documents\SEMESTER 5\IPPL\training\data\raw\openlibrary_prenatal_exercise_and_fetal_health_1763072593.json,success,0 docs retrieved.
2025-11-13T22:23:19.056439+00:00,pubmed,postpartum depression management,C:\Users\chris\Documents\SEMESTER 5\IPPL\training\data\raw\pubmed_postpartum_depression_management_1763072599.xml,success,5 articles retrieved.
2025-11-13T22:23:22.389627+00:00,crossref,postpartum depression management,C:\Users\chris\Documents\SEMESTER 5\IPPL\training\data\raw\crossref_postpartum_depression_management_1763072602.json,success,5 articles retrieved.
2025-11-13T22:23:53.182122+00:00,semantic_scholar,postpartum depression management,C:\Users\chris\Documents\SEMESTER 5\IPPL\training\data\raw\semantic_scholar_postpartum_depression_management_1763072633.json,success,"search_returned:5, details_returned:0"
2025-11-13T22:23:55.188341+00:00,sciencedirect,postpartum depression management,,error,401 Client Error: Unauthorized for url: https://api.elsevier.com/content/search/sciencedirect?query=postpartum+depression+management&count=5
2025-11-13T22:23:57.859786+00:00,google_books,postpartum depression management,C:\Users\chris\Documents\SEMESTER 5\IPPL\training\data\raw\google_books_postpartum_depression_management_1763072637.json,success,5 items retrieved.
2025-11-13T22:24:00.012928+00:00,openlibrary,postpartum depression management,C:\Users\chris\Documents\SEMESTER 5\IPPL\training\data\raw\openlibrary_postpartum_depression_management_1763072640.json,success,5 docs retrieved.
2025-11-13T22:24:04.901487+00:00,pubmed,pregnancy vitamin supplementation,C:\Users\chris\Documents\SEMESTER 5\IPPL\training\data\raw\pubmed_pregnancy_vitamin_supplementation_1763072644.xml,success,5 articles retrieved.
2025-11-13T22:24:07.426839+00:00,crossref,pregnancy vitamin supplementation,C:\Users\chris\Documents\SEMESTER 5\IPPL\training\data\raw\crossref_pregnancy_vitamin_supplementation_1763072647.json,success,5 articles retrieved.
2025-11-13T22:24:37.334199+00:00,semantic_scholar,pregnancy vitamin supplementation,C:\Users\chris\Documents\SEMESTER 5\IPPL\training\data\raw\semantic_scholar_pregnancy_vitamin_supplementation_1763072677.json,success,"search_returned:5, details_returned:0"
2025-11-13T22:24:39.139674+00:00,sciencedirect,pregnancy vitamin supplementation,,error,401 Client Error: Unauthorized for url: https://api.elsevier.com/content/search/sciencedirect?query=pregnancy+vitamin+supplementation&count=5
2025-11-13T22:24:41.727261+00:00,google_books,pregnancy vitamin supplementation,C:\Users\chris\Documents\SEMESTER 5\IPPL\training\data\raw\google_books_pregnancy_vitamin_supplementation_1763072681.json,success,5 items retrieved.
2025-11-13T22:24:43.825088+00:00,openlibrary,pregnancy vitamin supplementation,C:\Users\chris\Documents\SEMESTER 5\IPPL\training\data\raw\openlibrary_pregnancy_vitamin_supplementation_1763072683.json,success,5 docs retrieved.
2025-11-13T22:24:49.251250+00:00,pubmed,AI in maternal health monitoring,C:\Users\chris\Documents\SEMESTER 5\IPPL\training\data\raw\pubmed_AI_in_maternal_health_monitoring_1763072689.xml,success,5 articles retrieved.
2025-11-13T22:24:51.783887+00:00,crossref,AI in maternal health monitoring,C:\Users\chris\Documents\SEMESTER 5\IPPL\training\data\raw\crossref_AI_in_maternal_health_monitoring_1763072691.json,success,5 articles retrieved.
2025-11-13T22:24:53.749536+00:00,semantic_scholar,AI in maternal health monitoring,,error,Search failed with status 429
2025-11-13T22:24:55.565061+00:00,sciencedirect,AI in maternal health monitoring,,error,401 Client Error: Unauthorized for url: https://api.elsevier.com/content/search/sciencedirect?query=AI+in+maternal+health+monitoring&count=5
2025-11-13T22:24:58.315886+00:00,google_books,AI in maternal health monitoring,C:\Users\chris\Documents\SEMESTER 5\IPPL\training\data\raw\google_books_AI_in_maternal_health_monitoring_1763072698.json,success,5 items retrieved.
2025-11-13T22:25:00.474896+00:00,openlibrary,AI in maternal health monitoring,C:\Users\chris\Documents\SEMESTER 5\IPPL\training\data\raw\openlibrary_AI_in_maternal_health_monitoring_1763072700.json,success,0 docs retrieved.
2025-11-13T22:29:08.158834+00:00,pubmed,maternal nutrition during pregnancy,C:\Users\chris\Documents\SEMESTER 5\IPPL\training\data\raw\pubmed_maternal_nutrition_during_pregnancy_1763072948.xml,success,5 articles retrieved.
2025-11-13T22:29:11.736650+00:00,crossref,maternal nutrition during pregnancy,C:\Users\chris\Documents\SEMESTER 5\IPPL\training\data\raw\crossref_maternal_nutrition_during_pregnancy_1763072951.json,success,5 articles retrieved.
2025-11-13T22:29:41.575947+00:00,semantic_scholar,maternal nutrition during pregnancy,C:\Users\chris\Documents\SEMESTER 5\IPPL\training\data\raw\semantic_scholar_maternal_nutrition_during_pregnancy_1763072981.json,success,"search_returned:5, details_returned:0"
2025-11-13T22:29:43.469645+00:00,sciencedirect,maternal nutrition during pregnancy,,error,401 Client Error: Unauthorized for url: https://api.elsevier.com/content/search/sciencedirect?query=maternal+nutrition+during+pregnancy&count=5
2025-11-13T22:29:45.631131+00:00,google_books,maternal nutrition during pregnancy,C:\Users\chris\Documents\SEMESTER 5\IPPL\training\data\raw\google_books_maternal_nutrition_during_pregnancy_1763072985.json,success,5 items retrieved.
2025-11-13T22:29:47.775757+00:00,openlibrary,maternal nutrition during pregnancy,C:\Users\chris\Documents\SEMESTER 5\IPPL\training\data\raw\openlibrary_maternal_nutrition_during_pregnancy_1763072987.json,success,5 docs retrieved.
2025-11-13T22:29:52.885866+00:00,pubmed,fertility and menstrual cycle prediction,C:\Users\chris\Documents\SEMESTER 5\IPPL\training\data\raw\pubmed_fertility_and_menstrual_cycle_prediction_1763072992.xml,success,5 articles retrieved.
2025-11-13T22:29:55.391684+00:00,crossref,fertility and menstrual cycle prediction,C:\Users\chris\Documents\SEMESTER 5\IPPL\training\data\raw\crossref_fertility_and_menstrual_cycle_prediction_1763072995.json,success,5 articles retrieved.
2025-11-13T22:30:33.406629+00:00,semantic_scholar,fertility and menstrual cycle prediction,C:\Users\chris\Documents\SEMESTER 5\IPPL\training\data\raw\semantic_scholar_fertility_and_menstrual_cycle_prediction_1763073033.json,success,"search_returned:5, details_returned:0"
2025-11-13T22:30:35.375343+00:00,sciencedirect,fertility and menstrual cycle prediction,,error,401 Client Error: Unauthorized for url: https://api.elsevier.com/content/search/sciencedirect?query=fertility+and+menstrual+cycle+prediction&count=5
2025-11-13T22:30:38.255791+00:00,google_books,fertility and menstrual cycle prediction,C:\Users\chris\Documents\SEMESTER 5\IPPL\training\data\raw\google_books_fertility_and_menstrual_cycle_prediction_1763073038.json,success,5 items retrieved.
2025-11-13T22:30:40.341451+00:00,openlibrary,fertility and menstrual cycle prediction,C:\Users\chris\Documents\SEMESTER 5\IPPL\training\data\raw\openlibrary_fertility_and_menstrual_cycle_prediction_1763073040.json,success,0 docs retrieved.
2025-11-13T22:30:45.270216+00:00,pubmed,gestational diabetes prevention,C:\Users\chris\Documents\SEMESTER 5\IPPL\training\data\raw\pubmed_gestational_diabetes_prevention_1763073045.xml,success,5 articles retrieved.
2025-11-13T22:30:47.858680+00:00,crossref,gestational diabetes prevention,C:\Users\chris\Documents\SEMESTER 5\IPPL\training\data\raw\crossref_gestational_diabetes_prevention_1763073047.json,success,5 articles retrieved.
2025-11-13T22:32:18.064243+00:00,semantic_scholar,gestational diabetes prevention,C:\Users\chris\Documents\SEMESTER 5\IPPL\training\data\raw\semantic_scholar_gestational_diabetes_prevention_1763073138.json,success,"search_returned:5, details_returned:0"
2025-11-13T22:32:20.148549+00:00,sciencedirect,gestational diabetes prevention,,error,401 Client Error: Unauthorized for url: https://api.elsevier.com/content/search/sciencedirect?query=gestational+diabetes+prevention&count=5
2025-11-13T22:32:22.229332+00:00,google_books,gestational diabetes prevention,C:\Users\chris\Documents\SEMESTER 5\IPPL\training\data\raw\google_books_gestational_diabetes_prevention_1763073142.json,success,5 items retrieved.
2025-11-13T22:32:24.384974+00:00,openlibrary,gestational diabetes prevention,C:\Users\chris\Documents\SEMESTER 5\IPPL\training\data\raw\openlibrary_gestational_diabetes_prevention_1763073144.json,success,5 docs retrieved.
2025-11-13T22:32:30.472704+00:00,pubmed,prenatal exercise and fetal health,C:\Users\chris\Documents\SEMESTER 5\IPPL\training\data\raw\pubmed_prenatal_exercise_and_fetal_health_1763073150.xml,success,5 articles retrieved.
2025-11-13T22:32:33.064537+00:00,crossref,prenatal exercise and fetal health,C:\Users\chris\Documents\SEMESTER 5\IPPL\training\data\raw\crossref_prenatal_exercise_and_fetal_health_1763073153.json,success,5 articles retrieved.
2025-11-13T22:33:24.672386+00:00,semantic_scholar,prenatal exercise and fetal health,C:\Users\chris\Documents\SEMESTER 5\IPPL\training\data\raw\semantic_scholar_prenatal_exercise_and_fetal_health_1763073204.json,success,"search_returned:5, details_returned:0"
2025-11-13T22:33:26.494026+00:00,sciencedirect,prenatal exercise and fetal health,,error,401 Client Error: Unauthorized for url: https://api.elsevier.com/content/search/sciencedirect?query=prenatal+exercise+and+fetal+health&count=5
2025-11-13T22:33:29.321375+00:00,google_books,prenatal exercise and fetal health,C:\Users\chris\Documents\SEMESTER 5\IPPL\training\data\raw\google_books_prenatal_exercise_and_fetal_health_1763073209.json,success,5 items retrieved.
2025-11-13T22:33:31.635644+00:00,openlibrary,prenatal exercise and fetal health,C:\Users\chris\Documents\SEMESTER 5\IPPL\training\data\raw\openlibrary_prenatal_exercise_and_fetal_health_1763073211.json,success,0 docs retrieved.
2025-11-13T22:33:36.873905+00:00,pubmed,postpartum depression management,C:\Users\chris\Documents\SEMESTER 5\IPPL\training\data\raw\pubmed_postpartum_depression_management_1763073216.xml,success,5 articles retrieved.
2025-11-13T22:33:39.491336+00:00,crossref,postpartum depression management,C:\Users\chris\Documents\SEMESTER 5\IPPL\training\data\raw\crossref_postpartum_depression_management_1763073219.json,success,5 articles retrieved.
2025-11-13T22:33:41.460377+00:00,semantic_scholar,postpartum depression management,,error,Search failed with status 429
2025-11-13T22:33:43.402393+00:00,sciencedirect,postpartum depression management,,error,401 Client Error: Unauthorized for url: https://api.elsevier.com/content/search/sciencedirect?query=postpartum+depression+management&count=5
2025-11-13T22:33:45.403687+00:00,google_books,postpartum depression management,C:\Users\chris\Documents\SEMESTER 5\IPPL\training\data\raw\google_books_postpartum_depression_management_1763073225.json,success,5 items retrieved.
2025-11-13T22:33:47.507711+00:00,openlibrary,postpartum depression management,C:\Users\chris\Documents\SEMESTER 5\IPPL\training\data\raw\openlibrary_postpartum_depression_management_1763073227.json,success,5 docs retrieved.
2025-11-13T22:33:52.483791+00:00,pubmed,pregnancy vitamin supplementation,C:\Users\chris\Documents\SEMESTER 5\IPPL\training\data\raw\pubmed_pregnancy_vitamin_supplementation_1763073232.xml,success,5 articles retrieved.
2025-11-13T22:33:55.003649+00:00,crossref,pregnancy vitamin supplementation,C:\Users\chris\Documents\SEMESTER 5\IPPL\training\data\raw\crossref_pregnancy_vitamin_supplementation_1763073235.json,success,5 articles retrieved.
2025-11-13T22:35:13.037457+00:00,semantic_scholar,pregnancy vitamin supplementation,C:\Users\chris\Documents\SEMESTER 5\IPPL\training\data\raw\semantic_scholar_pregnancy_vitamin_supplementation_1763073313.json,success,"search_returned:5, details_returned:0"
2025-11-13T22:35:15.326030+00:00,sciencedirect,pregnancy vitamin supplementation,,error,401 Client Error: Unauthorized for url: https://api.elsevier.com/content/search/sciencedirect?query=pregnancy+vitamin+supplementation&count=5
2025-11-13T22:35:17.426875+00:00,google_books,pregnancy vitamin supplementation,C:\Users\chris\Documents\SEMESTER 5\IPPL\training\data\raw\google_books_pregnancy_vitamin_supplementation_1763073317.json,success,5 items retrieved.
2025-11-13T22:35:19.502071+00:00,openlibrary,pregnancy vitamin supplementation,C:\Users\chris\Documents\SEMESTER 5\IPPL\training\data\raw\openlibrary_pregnancy_vitamin_supplementation_1763073319.json,success,5 docs retrieved.
2025-11-13T22:35:24.781950+00:00,pubmed,AI in maternal health monitoring,C:\Users\chris\Documents\SEMESTER 5\IPPL\training\data\raw\pubmed_AI_in_maternal_health_monitoring_1763073324.xml,success,5 articles retrieved.
2025-11-13T22:35:27.493228+00:00,crossref,AI in maternal health monitoring,C:\Users\chris\Documents\SEMESTER 5\IPPL\training\data\raw\crossref_AI_in_maternal_health_monitoring_1763073327.json,success,5 articles retrieved.
2025-11-13T22:36:33.257664+00:00,semantic_scholar,AI in maternal health monitoring,C:\Users\chris\Documents\SEMESTER 5\IPPL\training\data\raw\semantic_scholar_AI_in_maternal_health_monitoring_1763073393.json,success,"search_returned:5, details_returned:0"
2025-11-13T22:36:35.275274+00:00,sciencedirect,AI in maternal health monitoring,,error,401 Client Error: Unauthorized for url: https://api.elsevier.com/content/search/sciencedirect?query=AI+in+maternal+health+monitoring&count=5
2025-11-13T22:36:38.120031+00:00,google_books,AI in maternal health monitoring,C:\Users\chris\Documents\SEMESTER 5\IPPL\training\data\raw\google_books_AI_in_maternal_health_monitoring_1763073398.json,success,5 items retrieved.
2025-11-13T22:36:40.212953+00:00,openlibrary,AI in maternal health monitoring,C:\Users\chris\Documents\SEMESTER 5\IPPL\training\data\raw\openlibrary_AI_in_maternal_health_monitoring_1763073400.json,success,0 docs retrieved.
2025-11-18T12:02:16.807089+00:00,pubmed,maternal nutrition during pregnancy,C:\Users\chris\Documents\SEMESTER 5\IPPL\training\data\raw\pubmed_maternal_nutrition_during_pregnancy_1763467336.xml,success,5 articles retrieved.
2025-11-18T12:02:19.456469+00:00,crossref,maternal nutrition during pregnancy,C:\Users\chris\Documents\SEMESTER 5\IPPL\training\data\raw\crossref_maternal_nutrition_during_pregnancy_1763467339.json,success,5 articles retrieved.
2025-11-18T12:02:48.870999+00:00,semantic_scholar,maternal nutrition during pregnancy,C:\Users\chris\Documents\SEMESTER 5\IPPL\training\data\raw\semantic_scholar_maternal_nutrition_during_pregnancy_1763467368.json,success,"search_returned:5, details_returned:0"
2025-11-18T12:02:51.384499+00:00,sciencedirect,maternal nutrition during pregnancy,,error,401 Client Error: Unauthorized for url: https://api.elsevier.com/content/search/sciencedirect?query=maternal+nutrition+during+pregnancy&count=5
2025-11-18T12:02:54.277675+00:00,google_books,maternal nutrition during pregnancy,C:\Users\chris\Documents\SEMESTER 5\IPPL\training\data\raw\google_books_maternal_nutrition_during_pregnancy_1763467374.json,success,5 items retrieved.
2025-11-18T12:02:56.566242+00:00,openlibrary,maternal nutrition during pregnancy,C:\Users\chris\Documents\SEMESTER 5\IPPL\training\data\raw\openlibrary_maternal_nutrition_during_pregnancy_1763467376.json,success,5 docs retrieved.
2025-11-18T12:03:01.531495+00:00,pubmed,fertility and menstrual cycle prediction,C:\Users\chris\Documents\SEMESTER 5\IPPL\training\data\raw\pubmed_fertility_and_menstrual_cycle_prediction_1763467381.xml,success,5 articles retrieved.
2025-11-18T12:03:05.600925+00:00,crossref,fertility and menstrual cycle prediction,C:\Users\chris\Documents\SEMESTER 5\IPPL\training\data\raw\crossref_fertility_and_menstrual_cycle_prediction_1763467385.json,success,5 articles retrieved.
2025-11-18T12:03:16.929395+00:00,semantic_scholar,fertility and menstrual cycle prediction,C:\Users\chris\Documents\SEMESTER 5\IPPL\training\data\raw\semantic_scholar_fertility_and_menstrual_cycle_prediction_1763467396.json,success,"search_returned:5, details_returned:0"
2025-11-18T12:03:18.792938+00:00,sciencedirect,fertility and menstrual cycle prediction,,error,401 Client Error: Unauthorized for url: https://api.elsevier.com/content/search/sciencedirect?query=fertility+and+menstrual+cycle+prediction&count=5
2025-11-18T12:03:21.057857+00:00,google_books,fertility and menstrual cycle prediction,C:\Users\chris\Documents\SEMESTER 5\IPPL\training\data\raw\google_books_fertility_and_menstrual_cycle_prediction_1763467401.json,success,5 items retrieved.
2025-11-18T12:03:23.029750+00:00,openlibrary,fertility and menstrual cycle prediction,C:\Users\chris\Documents\SEMESTER 5\IPPL\training\data\raw\openlibrary_fertility_and_menstrual_cycle_prediction_1763467403.json,success,0 docs retrieved.
2025-11-18T12:03:28.539875+00:00,pubmed,gestational diabetes prevention,C:\Users\chris\Documents\SEMESTER 5\IPPL\training\data\raw\pubmed_gestational_diabetes_prevention_1763467408.xml,success,5 articles retrieved.
2025-11-18T12:03:32.029224+00:00,crossref,gestational diabetes prevention,C:\Users\chris\Documents\SEMESTER 5\IPPL\training\data\raw\crossref_gestational_diabetes_prevention_1763467412.json,success,5 articles retrieved.
2025-11-18T12:03:47.759795+00:00,semantic_scholar,gestational diabetes prevention,C:\Users\chris\Documents\SEMESTER 5\IPPL\training\data\raw\semantic_scholar_gestational_diabetes_prevention_1763467427.json,success,"search_returned:5, details_returned:0"
2025-11-18T12:03:49.785993+00:00,sciencedirect,gestational diabetes prevention,,error,401 Client Error: Unauthorized for url: https://api.elsevier.com/content/search/sciencedirect?query=gestational+diabetes+prevention&count=5
2025-11-18T12:03:51.895499+00:00,google_books,gestational diabetes prevention,C:\Users\chris\Documents\SEMESTER 5\IPPL\training\data\raw\google_books_gestational_diabetes_prevention_1763467431.json,success,5 items retrieved.
2025-11-18T12:03:54.147597+00:00,openlibrary,gestational diabetes prevention,C:\Users\chris\Documents\SEMESTER 5\IPPL\training\data\raw\openlibrary_gestational_diabetes_prevention_1763467434.json,success,5 docs retrieved.
2025-11-18T12:03:59.869055+00:00,pubmed,prenatal exercise and fetal health,C:\Users\chris\Documents\SEMESTER 5\IPPL\training\data\raw\pubmed_prenatal_exercise_and_fetal_health_1763467439.xml,success,5 articles retrieved.
2025-11-18T12:04:04.335503+00:00,crossref,prenatal exercise and fetal health,C:\Users\chris\Documents\SEMESTER 5\IPPL\training\data\raw\crossref_prenatal_exercise_and_fetal_health_1763467444.json,success,5 articles retrieved.
2025-11-18T12:04:06.263885+00:00,semantic_scholar,prenatal exercise and fetal health,,error,Search failed with status 429
2025-11-18T12:04:08.107576+00:00,sciencedirect,prenatal exercise and fetal health,,error,401 Client Error: Unauthorized for url: https://api.elsevier.com/content/search/sciencedirect?query=prenatal+exercise+and+fetal+health&count=5
2025-11-18T12:04:11.080914+00:00,google_books,prenatal exercise and fetal health,C:\Users\chris\Documents\SEMESTER 5\IPPL\training\data\raw\google_books_prenatal_exercise_and_fetal_health_1763467451.json,success,5 items retrieved.
2025-11-18T12:04:13.236661+00:00,openlibrary,prenatal exercise and fetal health,C:\Users\chris\Documents\SEMESTER 5\IPPL\training\data\raw\openlibrary_prenatal_exercise_and_fetal_health_1763467453.json,success,0 docs retrieved.
2025-11-18T12:04:18.262157+00:00,pubmed,postpartum depression management,C:\Users\chris\Documents\SEMESTER 5\IPPL\training\data\raw\pubmed_postpartum_depression_management_1763467458.xml,success,5 articles retrieved.
2025-11-18T12:04:21.018860+00:00,crossref,postpartum depression management,C:\Users\chris\Documents\SEMESTER 5\IPPL\training\data\raw\crossref_postpartum_depression_management_1763467461.json,success,5 articles retrieved.
2025-11-18T12:04:36.420453+00:00,semantic_scholar,postpartum depression management,C:\Users\chris\Documents\SEMESTER 5\IPPL\training\data\raw\semantic_scholar_postpartum_depression_management_1763467476.json,success,"search_returned:5, details_returned:0"
2025-11-18T12:04:38.201823+00:00,sciencedirect,postpartum depression management,,error,401 Client Error: Unauthorized for url: https://api.elsevier.com/content/search/sciencedirect?query=postpartum+depression+management&count=5
2025-11-18T12:04:41.157167+00:00,google_books,postpartum depression management,C:\Users\chris\Documents\SEMESTER 5\IPPL\training\data\raw\google_books_postpartum_depression_management_1763467481.json,success,5 items retrieved.
2025-11-18T12:04:43.287623+00:00,openlibrary,postpartum depression management,C:\Users\chris\Documents\SEMESTER 5\IPPL\training\data\raw\openlibrary_postpartum_depression_management_1763467483.json,success,5 docs retrieved.
2025-11-18T12:04:48.342880+00:00,pubmed,pregnancy vitamin supplementation,C:\Users\chris\Documents\SEMESTER 5\IPPL\training\data\raw\pubmed_pregnancy_vitamin_supplementation_1763467488.xml,success,5 articles retrieved.
2025-11-18T12:04:51.235083+00:00,crossref,pregnancy vitamin supplementation,C:\Users\chris\Documents\SEMESTER 5\IPPL\training\data\raw\crossref_pregnancy_vitamin_supplementation_1763467491.json,success,5 articles retrieved.
2025-11-18T12:04:53.163508+00:00,semantic_scholar,pregnancy vitamin supplementation,,error,Search failed with status 429
2025-11-18T12:04:55.071995+00:00,sciencedirect,pregnancy vitamin supplementation,,error,401 Client Error: Unauthorized for url: https://api.elsevier.com/content/search/sciencedirect?query=pregnancy+vitamin+supplementation&count=5
2025-11-18T12:04:58.161575+00:00,google_books,pregnancy vitamin supplementation,C:\Users\chris\Documents\SEMESTER 5\IPPL\training\data\raw\google_books_pregnancy_vitamin_supplementation_1763467498.json,success,5 items retrieved.
2025-11-18T12:05:00.297138+00:00,openlibrary,pregnancy vitamin supplementation,C:\Users\chris\Documents\SEMESTER 5\IPPL\training\data\raw\openlibrary_pregnancy_vitamin_supplementation_1763467500.json,success,5 docs retrieved.
2025-11-18T12:05:05.692282+00:00,pubmed,AI in maternal health monitoring,C:\Users\chris\Documents\SEMESTER 5\IPPL\training\data\raw\pubmed_AI_in_maternal_health_monitoring_1763467505.xml,success,5 articles retrieved.
2025-11-18T12:05:08.604092+00:00,crossref,AI in maternal health monitoring,C:\Users\chris\Documents\SEMESTER 5\IPPL\training\data\raw\crossref_AI_in_maternal_health_monitoring_1763467508.json,success,5 articles retrieved.
2025-11-18T12:05:15.486806+00:00,semantic_scholar,AI in maternal health monitoring,C:\Users\chris\Documents\SEMESTER 5\IPPL\training\data\raw\semantic_scholar_AI_in_maternal_health_monitoring_1763467515.json,success,"search_returned:5, details_returned:0"
2025-11-18T12:05:17.320147+00:00,sciencedirect,AI in maternal health monitoring,,error,401 Client Error: Unauthorized for url: https://api.elsevier.com/content/search/sciencedirect?query=AI+in+maternal+health+monitoring&count=5
2025-11-18T12:05:19.778787+00:00,google_books,AI in maternal health monitoring,C:\Users\chris\Documents\SEMESTER 5\IPPL\training\data\raw\google_books_AI_in_maternal_health_monitoring_1763467519.json,success,5 items retrieved.
2025-11-18T12:05:21.909787+00:00,openlibrary,AI in maternal health monitoring,C:\Users\chris\Documents\SEMESTER 5\IPPL\training\data\raw\openlibrary_AI_in_maternal_health_monitoring_1763467521.json,success,0 docs retrieved.
2025-11-25T12:07:11.337129+00:00,pubmed,maternal nutrition during pregnancy,C:\Users\chris\Documents\SEMESTER 5\IPPL\training\data\raw\pubmed_maternal_nutrition_during_pregnancy_1764072431.xml,success,5 articles retrieved.
2025-11-25T12:07:14.161054+00:00,crossref,maternal nutrition during pregnancy,C:\Users\chris\Documents\SEMESTER 5\IPPL\training\data\raw\crossref_maternal_nutrition_during_pregnancy_1764072434.json,success,5 articles retrieved.
2025-11-25T12:07:28.267026+00:00,semantic_scholar,maternal nutrition during pregnancy,C:\Users\chris\Documents\SEMESTER 5\IPPL\training\data\raw\semantic_scholar_maternal_nutrition_during_pregnancy_1764072448.json,success,"search_returned:5, details_returned:0"
2025-11-25T12:07:31.545878+00:00,sciencedirect,maternal nutrition during pregnancy,,error,401 Client Error: Unauthorized for url: https://api.elsevier.com/content/search/sciencedirect?query=maternal+nutrition+during+pregnancy&count=5
2025-11-25T12:07:33.569446+00:00,google_books,maternal nutrition during pregnancy,C:\Users\chris\Documents\SEMESTER 5\IPPL\training\data\raw\google_books_maternal_nutrition_during_pregnancy_1764072453.json,success,5 items retrieved.
2025-11-25T12:07:36.962713+00:00,openlibrary,maternal nutrition during pregnancy,C:\Users\chris\Documents\SEMESTER 5\IPPL\training\data\raw\openlibrary_maternal_nutrition_during_pregnancy_1764072456.json,success,5 docs retrieved.
2025-11-25T12:07:41.665328+00:00,pubmed,fertility and menstrual cycle prediction,C:\Users\chris\Documents\SEMESTER 5\IPPL\training\data\raw\pubmed_fertility_and_menstrual_cycle_prediction_1764072461.xml,success,5 articles retrieved.
2025-11-25T12:07:45.014640+00:00,crossref,fertility and menstrual cycle prediction,C:\Users\chris\Documents\SEMESTER 5\IPPL\training\data\raw\crossref_fertility_and_menstrual_cycle_prediction_1764072465.json,success,5 articles retrieved.
2025-11-25T12:08:48.800715+00:00,semantic_scholar,fertility and menstrual cycle prediction,C:\Users\chris\Documents\SEMESTER 5\IPPL\training\data\raw\semantic_scholar_fertility_and_menstrual_cycle_prediction_1764072528.json,success,"search_returned:5, details_returned:0"
2025-11-25T12:08:50.666809+00:00,sciencedirect,fertility and menstrual cycle prediction,,error,401 Client Error: Unauthorized for url: https://api.elsevier.com/content/search/sciencedirect?query=fertility+and+menstrual+cycle+prediction&count=5
2025-11-25T12:08:52.629931+00:00,google_books,fertility and menstrual cycle prediction,C:\Users\chris\Documents\SEMESTER 5\IPPL\training\data\raw\google_books_fertility_and_menstrual_cycle_prediction_1764072532.json,success,5 items retrieved.
2025-11-25T12:08:54.810874+00:00,openlibrary,fertility and menstrual cycle prediction,C:\Users\chris\Documents\SEMESTER 5\IPPL\training\data\raw\openlibrary_fertility_and_menstrual_cycle_prediction_1764072534.json,success,0 docs retrieved.
2025-11-25T12:08:59.566717+00:00,pubmed,gestational diabetes prevention,C:\Users\chris\Documents\SEMESTER 5\IPPL\training\data\raw\pubmed_gestational_diabetes_prevention_1764072539.xml,success,5 articles retrieved.
2025-11-25T12:09:03.588249+00:00,crossref,gestational diabetes prevention,C:\Users\chris\Documents\SEMESTER 5\IPPL\training\data\raw\crossref_gestational_diabetes_prevention_1764072543.json,success,5 articles retrieved.
2025-11-25T12:09:05.258804+00:00,semantic_scholar,gestational diabetes prevention,,error,Search failed with status 429
2025-11-25T12:09:07.100971+00:00,sciencedirect,gestational diabetes prevention,,error,401 Client Error: Unauthorized for url: https://api.elsevier.com/content/search/sciencedirect?query=gestational+diabetes+prevention&count=5
2025-11-25T12:09:09.129597+00:00,google_books,gestational diabetes prevention,C:\Users\chris\Documents\SEMESTER 5\IPPL\training\data\raw\google_books_gestational_diabetes_prevention_1764072549.json,success,5 items retrieved.
2025-11-25T12:09:11.438194+00:00,openlibrary,gestational diabetes prevention,C:\Users\chris\Documents\SEMESTER 5\IPPL\training\data\raw\openlibrary_gestational_diabetes_prevention_1764072551.json,success,5 docs retrieved.
2025-11-25T12:09:16.518810+00:00,pubmed,prenatal exercise and fetal health,C:\Users\chris\Documents\SEMESTER 5\IPPL\training\data\raw\pubmed_prenatal_exercise_and_fetal_health_1764072556.xml,success,5 articles retrieved.
2025-11-25T12:09:19.322630+00:00,crossref,prenatal exercise and fetal health,C:\Users\chris\Documents\SEMESTER 5\IPPL\training\data\raw\crossref_prenatal_exercise_and_fetal_health_1764072559.json,success,5 articles retrieved.
2025-11-25T12:10:02.588266+00:00,semantic_scholar,prenatal exercise and fetal health,C:\Users\chris\Documents\SEMESTER 5\IPPL\training\data\raw\semantic_scholar_prenatal_exercise_and_fetal_health_1764072602.json,success,"search_returned:5, details_returned:0"
2025-11-25T12:10:04.425992+00:00,sciencedirect,prenatal exercise and fetal health,,error,401 Client Error: Unauthorized for url: https://api.elsevier.com/content/search/sciencedirect?query=prenatal+exercise+and+fetal+health&count=5
2025-11-25T12:10:06.797818+00:00,google_books,prenatal exercise and fetal health,C:\Users\chris\Documents\SEMESTER 5\IPPL\training\data\raw\google_books_prenatal_exercise_and_fetal_health_1764072606.json,success,5 items retrieved.
2025-11-25T12:10:08.811817+00:00,openlibrary,prenatal exercise and fetal health,C:\Users\chris\Documents\SEMESTER 5\IPPL\training\data\raw\openlibrary_prenatal_exercise_and_fetal_health_1764072608.json,success,0 docs retrieved.
2025-11-25T12:10:13.707957+00:00,pubmed,postpartum depression management,C:\Users\chris\Documents\SEMESTER 5\IPPL\training\data\raw\pubmed_postpartum_depression_management_1764072613.xml,success,5 articles retrieved.
2025-11-25T12:10:17.924057+00:00,crossref,postpartum depression management,C:\Users\chris\Documents\SEMESTER 5\IPPL\training\data\raw\crossref_postpartum_depression_management_1764072617.json,success,5 articles retrieved.
2025-11-25T12:10:19.623049+00:00,semantic_scholar,postpartum depression management,,error,Search failed with status 429
2025-11-25T12:10:22.180338+00:00,sciencedirect,postpartum depression management,,error,401 Client Error: Unauthorized for url: https://api.elsevier.com/content/search/sciencedirect?query=postpartum+depression+management&count=5
2025-11-25T12:10:24.347933+00:00,google_books,postpartum depression management,C:\Users\chris\Documents\SEMESTER 5\IPPL\training\data\raw\google_books_postpartum_depression_management_1764072624.json,success,5 items retrieved.
2025-11-25T12:10:27.872564+00:00,openlibrary,postpartum depression management,C:\Users\chris\Documents\SEMESTER 5\IPPL\training\data\raw\openlibrary_postpartum_depression_management_1764072627.json,success,5 docs retrieved.
2025-11-25T12:10:32.482681+00:00,pubmed,pregnancy vitamin supplementation,C:\Users\chris\Documents\SEMESTER 5\IPPL\training\data\raw\pubmed_pregnancy_vitamin_supplementation_1764072632.xml,success,5 articles retrieved.
2025-11-25T12:10:36.410488+00:00,crossref,pregnancy vitamin supplementation,C:\Users\chris\Documents\SEMESTER 5\IPPL\training\data\raw\crossref_pregnancy_vitamin_supplementation_1764072636.json,success,5 articles retrieved.
2025-11-25T12:10:43.650441+00:00,semantic_scholar,pregnancy vitamin supplementation,C:\Users\chris\Documents\SEMESTER 5\IPPL\training\data\raw\semantic_scholar_pregnancy_vitamin_supplementation_1764072643.json,success,"search_returned:5, details_returned:0"
2025-11-25T12:10:45.651094+00:00,sciencedirect,pregnancy vitamin supplementation,,error,401 Client Error: Unauthorized for url: https://api.elsevier.com/content/search/sciencedirect?query=pregnancy+vitamin+supplementation&count=5
2025-11-25T12:10:49.350501+00:00,google_books,pregnancy vitamin supplementation,C:\Users\chris\Documents\SEMESTER 5\IPPL\training\data\raw\google_books_pregnancy_vitamin_supplementation_1764072649.json,success,5 items retrieved.
2025-11-25T12:10:51.551334+00:00,openlibrary,pregnancy vitamin supplementation,C:\Users\chris\Documents\SEMESTER 5\IPPL\training\data\raw\openlibrary_pregnancy_vitamin_supplementation_1764072651.json,success,5 docs retrieved.
2025-11-25T12:10:56.483696+00:00,pubmed,AI in maternal health monitoring,C:\Users\chris\Documents\SEMESTER 5\IPPL\training\data\raw\pubmed_AI_in_maternal_health_monitoring_1764072656.xml,success,5 articles retrieved.
2025-11-25T12:10:59.176112+00:00,crossref,AI in maternal health monitoring,C:\Users\chris\Documents\SEMESTER 5\IPPL\training\data\raw\crossref_AI_in_maternal_health_monitoring_1764072659.json,success,5 articles retrieved.
2025-11-25T12:11:00.813462+00:00,semantic_scholar,AI in maternal health monitoring,,error,Search failed with status 429
2025-11-25T12:11:03.112279+00:00,sciencedirect,AI in maternal health monitoring,,error,401 Client Error: Unauthorized for url: https://api.elsevier.com/content/search/sciencedirect?query=AI+in+maternal+health+monitoring&count=5
2025-11-25T12:11:06.293927+00:00,google_books,AI in maternal health monitoring,C:\Users\chris\Documents\SEMESTER 5\IPPL\training\data\raw\google_books_AI_in_maternal_health_monitoring_1764072666.json,success,5 items retrieved.
2025-11-25T12:11:09.411116+00:00,openlibrary,AI in maternal health monitoring,C:\Users\chris\Documents\SEMESTER 5\IPPL\training\data\raw\openlibrary_AI_in_maternal_health_monitoring_1764072669.json,success,0 docs retrieved.
2025-11-25T12:36:14.835443+00:00,pubmed,maternal nutrition during pregnancy,C:\Users\chris\Documents\SEMESTER 5\IPPL\training\data\raw\pubmed_maternal_nutrition_during_pregnancy_1764074174.xml,success,5 articles retrieved.
2025-11-25T12:36:18.643983+00:00,crossref,maternal nutrition during pregnancy,C:\Users\chris\Documents\SEMESTER 5\IPPL\training\data\raw\crossref_maternal_nutrition_during_pregnancy_1764074178.json,success,5 articles retrieved.
2025-11-25T12:36:20.474575+00:00,semantic_scholar,maternal nutrition during pregnancy,,error,Search failed with status 429
2025-11-25T12:36:23.455711+00:00,sciencedirect,maternal nutrition during pregnancy,,error,401 Client Error: Unauthorized for url: https://api.elsevier.com/content/search/sciencedirect?query=maternal+nutrition+during+pregnancy&count=5
2025-11-25T12:36:34.449361+00:00,google_books,maternal nutrition during pregnancy,C:\Users\chris\Documents\SEMESTER 5\IPPL\training\data\raw\google_books_maternal_nutrition_during_pregnancy_1764074194.json,success,5 items retrieved.
2025-11-25T12:36:39.426191+00:00,openlibrary,maternal nutrition during pregnancy,C:\Users\chris\Documents\SEMESTER 5\IPPL\training\data\raw\openlibrary_maternal_nutrition_during_pregnancy_1764074199.json,success,5 docs retrieved.
2025-11-25T12:36:46.073940+00:00,pubmed,fertility and menstrual cycle prediction,C:\Users\chris\Documents\SEMESTER 5\IPPL\training\data\raw\pubmed_fertility_and_menstrual_cycle_prediction_1764074206.xml,success,5 articles retrieved.
2025-11-25T12:36:49.813806+00:00,crossref,fertility and menstrual cycle prediction,C:\Users\chris\Documents\SEMESTER 5\IPPL\training\data\raw\crossref_fertility_and_menstrual_cycle_prediction_1764074209.json,success,5 articles retrieved.
2025-11-25T12:36:51.614152+00:00,semantic_scholar,fertility and menstrual cycle prediction,,error,Search failed with status 429
2025-11-25T12:36:55.210774+00:00,sciencedirect,fertility and menstrual cycle prediction,,error,401 Client Error: Unauthorized for url: https://api.elsevier.com/content/search/sciencedirect?query=fertility+and+menstrual+cycle+prediction&count=5
2025-11-25T12:36:57.432526+00:00,google_books,fertility and menstrual cycle prediction,C:\Users\chris\Documents\SEMESTER 5\IPPL\training\data\raw\google_books_fertility_and_menstrual_cycle_prediction_1764074217.json,success,5 items retrieved.
2025-11-25T12:37:03.043078+00:00,openlibrary,fertility and menstrual cycle prediction,C:\Users\chris\Documents\SEMESTER 5\IPPL\training\data\raw\openlibrary_fertility_and_menstrual_cycle_prediction_1764074223.json,success,0 docs retrieved.
2025-11-25T12:37:08.164335+00:00,pubmed,gestational diabetes prevention,C:\Users\chris\Documents\SEMESTER 5\IPPL\training\data\raw\pubmed_gestational_diabetes_prevention_1764074228.xml,success,5 articles retrieved.
2025-11-25T12:37:12.621939+00:00,crossref,gestational diabetes prevention,C:\Users\chris\Documents\SEMESTER 5\IPPL\training\data\raw\crossref_gestational_diabetes_prevention_1764074232.json,success,5 articles retrieved.
2025-11-25T12:37:19.918798+00:00,semantic_scholar,gestational diabetes prevention,C:\Users\chris\Documents\SEMESTER 5\IPPL\training\data\raw\semantic_scholar_gestational_diabetes_prevention_1764074239.json,success,"search_returned:5, details_returned:0"
2025-11-25T12:37:21.930971+00:00,sciencedirect,gestational diabetes prevention,,error,401 Client Error: Unauthorized for url: https://api.elsevier.com/content/search/sciencedirect?query=gestational+diabetes+prevention&count=5
2025-11-25T12:37:24.272842+00:00,google_books,gestational diabetes prevention,C:\Users\chris\Documents\SEMESTER 5\IPPL\training\data\raw\google_books_gestational_diabetes_prevention_1764074244.json,success,5 items retrieved.
2025-11-25T12:37:27.885557+00:00,openlibrary,gestational diabetes prevention,C:\Users\chris\Documents\SEMESTER 5\IPPL\training\data\raw\openlibrary_gestational_diabetes_prevention_1764074247.json,success,5 docs retrieved.
2025-11-25T12:37:33.757058+00:00,pubmed,prenatal exercise and fetal health,C:\Users\chris\Documents\SEMESTER 5\IPPL\training\data\raw\pubmed_prenatal_exercise_and_fetal_health_1764074253.xml,success,5 articles retrieved.
2025-11-25T12:37:37.107135+00:00,crossref,prenatal exercise and fetal health,C:\Users\chris\Documents\SEMESTER 5\IPPL\training\data\raw\crossref_prenatal_exercise_and_fetal_health_1764074257.json,success,5 articles retrieved.
2025-11-25T12:37:39.015166+00:00,semantic_scholar,prenatal exercise and fetal health,,error,Search failed with status 429
2025-11-25T12:37:41.133018+00:00,sciencedirect,prenatal exercise and fetal health,,error,401 Client Error: Unauthorized for url: https://api.elsevier.com/content/search/sciencedirect?query=prenatal+exercise+and+fetal+health&count=5
2025-11-25T12:37:44.125865+00:00,google_books,prenatal exercise and fetal health,C:\Users\chris\Documents\SEMESTER 5\IPPL\training\data\raw\google_books_prenatal_exercise_and_fetal_health_1764074264.json,success,5 items retrieved.
2025-11-25T12:37:47.279238+00:00,openlibrary,prenatal exercise and fetal health,C:\Users\chris\Documents\SEMESTER 5\IPPL\training\data\raw\openlibrary_prenatal_exercise_and_fetal_health_1764074267.json,success,0 docs retrieved.
2025-11-25T12:37:52.806087+00:00,pubmed,postpartum depression management,C:\Users\chris\Documents\SEMESTER 5\IPPL\training\data\raw\pubmed_postpartum_depression_management_1764074272.xml,success,5 articles retrieved.
2025-11-25T12:37:59.396915+00:00,crossref,postpartum depression management,C:\Users\chris\Documents\SEMESTER 5\IPPL\training\data\raw\crossref_postpartum_depression_management_1764074279.json,success,5 articles retrieved.
2025-11-25T12:38:01.415551+00:00,semantic_scholar,postpartum depression management,,error,Search failed with status 429
2025-11-25T12:38:03.391713+00:00,sciencedirect,postpartum depression management,,error,401 Client Error: Unauthorized for url: https://api.elsevier.com/content/search/sciencedirect?query=postpartum+depression+management&count=5
2025-11-25T12:38:05.949333+00:00,google_books,postpartum depression management,C:\Users\chris\Documents\SEMESTER 5\IPPL\training\data\raw\google_books_postpartum_depression_management_1764074285.json,success,5 items retrieved.
2025-11-25T12:38:09.352966+00:00,openlibrary,postpartum depression management,C:\Users\chris\Documents\SEMESTER 5\IPPL\training\data\raw\openlibrary_postpartum_depression_management_1764074289.json,success,5 docs retrieved.
2025-11-25T12:38:14.162209+00:00,pubmed,pregnancy vitamin supplementation,C:\Users\chris\Documents\SEMESTER 5\IPPL\training\data\raw\pubmed_pregnancy_vitamin_supplementation_1764074294.xml,success,5 articles retrieved.
2025-11-25T12:38:21.006635+00:00,crossref,pregnancy vitamin supplementation,C:\Users\chris\Documents\SEMESTER 5\IPPL\training\data\raw\crossref_pregnancy_vitamin_supplementation_1764074301.json,success,5 articles retrieved.
2025-11-25T12:38:23.009776+00:00,semantic_scholar,pregnancy vitamin supplementation,,error,Search failed with status 429
2025-11-25T12:38:24.883695+00:00,sciencedirect,pregnancy vitamin supplementation,,error,401 Client Error: Unauthorized for url: https://api.elsevier.com/content/search/sciencedirect?query=pregnancy+vitamin+supplementation&count=5
2025-11-25T12:38:27.032228+00:00,google_books,pregnancy vitamin supplementation,C:\Users\chris\Documents\SEMESTER 5\IPPL\training\data\raw\google_books_pregnancy_vitamin_supplementation_1764074307.json,success,5 items retrieved.
2025-11-25T12:38:36.449599+00:00,openlibrary,pregnancy vitamin supplementation,C:\Users\chris\Documents\SEMESTER 5\IPPL\training\data\raw\openlibrary_pregnancy_vitamin_supplementation_1764074316.json,success,5 docs retrieved.
2025-11-25T12:38:45.592775+00:00,pubmed,AI in maternal health monitoring,C:\Users\chris\Documents\SEMESTER 5\IPPL\training\data\raw\pubmed_AI_in_maternal_health_monitoring_1764074325.xml,success,5 articles retrieved.
2025-11-25T12:38:50.048098+00:00,crossref,AI in maternal health monitoring,C:\Users\chris\Documents\SEMESTER 5\IPPL\training\data\raw\crossref_AI_in_maternal_health_monitoring_1764074330.json,success,5 articles retrieved.
2025-11-25T12:38:59.168788+00:00,semantic_scholar,AI in maternal health monitoring,C:\Users\chris\Documents\SEMESTER 5\IPPL\training\data\raw\semantic_scholar_AI_in_maternal_health_monitoring_1764074339.json,success,"search_returned:5, details_returned:0"
2025-11-25T12:39:01.417956+00:00,sciencedirect,AI in maternal health monitoring,,error,401 Client Error: Unauthorized for url: https://api.elsevier.com/content/search/sciencedirect?query=AI+in+maternal+health+monitoring&count=5
2025-11-25T12:39:03.295350+00:00,google_books,AI in maternal health monitoring,C:\Users\chris\Documents\SEMESTER 5\IPPL\training\data\raw\google_books_AI_in_maternal_health_monitoring_1764074343.json,success,5 items retrieved.
2025-11-25T12:39:06.752931+00:00,openlibrary,AI in maternal health monitoring,C:\Users\chris\Documents\SEMESTER 5\IPPL\training\data\raw\openlibrary_AI_in_maternal_health_monitoring_1764074346.json,success,0 docs retrieved.
